code,name,listing_date,offering_price,initial_price,vc_ratio,lockup_days,lockup_condition,sales_growth,net_income,sector,description,bb_ratio,underwriter
5253.T,カバー,2023-03-27,750,1400,15.2,180,1.5倍解除あり,35.5,黒字,情報・通信,VTuber事務所「ホロライブ」の運営およびキャラクターIPビジネス。,35.8,大手
5595.T,QPS研究所,2023-12-06,390,860,45.8,180,1.5倍解除あり,85.2,赤字,精密機器,小型SAR衛星の開発・運用および宇宙からの画像データ販売。,60.5,大手
215A.T,タイミー,2024-07-26,1450,1850,22.1,180,1.5倍解除あり,45.0,黒字,サービス業,便利でスピーディなスキマバイトアプリ「Timee」を運営。,85.0,大手
186A.T,アストロスケール,2024-06-05,850,1281,38.5,180,1.5倍解除あり,120.0,赤字,その他製品,宇宙ゴミ（デブリ）除去サービスの開発・軌道上サービス。,42.0,大手
135A.T,VRAIN Solution,2024-02-22,2990,3010,8.0,90,1.5倍解除なし,60.5,黒字,情報・通信,製造業向けAI外観検査システムおよびDXソリューションの提供。,55.0,大手
141A.T,トライアルHD,2024-03-21,1700,2200,5.0,180,1.5倍解除あり,12.5,黒字,小売業,スマートストア（ITを活用した次世代スーパー）の日本全国展開。,15.0,大手
165A.T,SBIリーシング,2024-03-27,3300,3480,0.0,90,なし,25.0,黒字,その他金融,航空機や船舶を対象としたリース・アレンジメント事業。,20.0,大手
999A.T,ネオ・インテリジェンス,2025-10-15,2000,2100,28.5,180,1.5倍解除あり,52.0,黒字,情報・通信,（仮想）超軽量LLMを用いたエッジAI制御ソフトの開発。,72.0,大手
999B.T,クラウドフロウ,2026-02-10,1200,1100,8.5,90,なし,36.0,黒字,情報・通信,（仮想）中堅企業向けノーコード業務自動化SaaSの提供。,12.0,その他
